<?xml version="1.0"?>
<!--
    Licensed to the Apache Software Foundation (ASF) under one or more
    contributor license agreements.  See the NOTICE file distributed with
    this work for additional information regarding copyright ownership.
    The ASF licenses this file to You under the Apache License, Version 2.0
    (the "License"); you may not use this file except in compliance with
    the License.  You may obtain a copy of the License at

         http://www.apache.org/licenses/LICENSE-2.0

    Unless required by applicable law or agreed to in writing, software
    distributed under the License is distributed on an "AS IS" BASIS,
    WITHOUT WARRANTIES OR CONDITIONS OF ANY KIND, either express or implied.
    See the License for the specific language governing permissions and
    limitations under the License.
-->

<document>
    <properties>
        <title>Log4j 1.2 Bridge</title>
        <author email="rgoers@apache.org">Ralph Goers</author>
    </properties>

    <body>
        <section name="Log4j 1.2 Bridge">

            <p>
              The Log4j 1.2 Bridge allows applications coded to use Log4j 1.2 API to use
              Log4j 2 instead.
            </p>

        </section>

        <section name="Requirements">
           <p>
             The Log4j 1.2 bridge is dependent on the Log4j 2 API and implementation.
          </p>
        </section>

      <section name="Usage">
        <p>
          To use the Log4j Legacy Bridge just remove all the Log4j 1.x jars from the application and replace them
          with the bridge jar. Once in place all logging that uses Log4j 1.x will be routed to Log4j 2. However,
          applications that attempt to modify legacy Log4j by adding Appenders, Filters, etc may experience problems
          if they try to verify the success of these actions as these methods are largely no-ops.
        </p>
      </section>

    </body>
</document>